,time,name,not_done,done,tagged_ratio
0,1573828971,2019-11-15T09:42:51.761588,117,248,0.32054794520547947
1,1573786006,2019-11-14T21:46:46.908420,118,248,0.3224043715846995
2,1573785996,2019-11-14T21:46:36.826750,118,248,0.3224043715846995
3,1573785982,2019-11-14T21:46:22.976665,117,248,0.32054794520547947
4,1573785457,2019-11-14T21:37:37.107736,117,248,0.32054794520547947
5,1573785453,2019-11-14T21:37:33.056641,117,248,0.32054794520547947
6,1573785415,2019-11-14T21:36:55.085411,116,248,0.31868131868131866
7,1573785405,2019-11-14T21:36:45.200565,116,248,0.31868131868131866
8,1573785391,2019-11-14T21:36:31.433719,115,248,0.3168044077134986
9,1573785383,2019-11-14T21:36:23.431481,115,248,0.3168044077134986
10,1573785353,2019-11-14T21:35:53.409050,114,248,0.3149171270718232
11,1573785350,2019-11-14T21:35:50.541638,114,248,0.3149171270718232
12,1573785334,2019-11-14T21:35:34.830858,113,248,0.31301939058171746
13,1573785327,2019-11-14T21:35:27.431278,113,248,0.31301939058171746
14,1573785305,2019-11-14T21:35:05.368431,112,248,0.3111111111111111
15,1573785297,2019-11-14T21:34:57.719722,112,248,0.3111111111111111
16,1573785276,2019-11-14T21:34:36.964510,111,248,0.30919220055710306
17,1573785270,2019-11-14T21:34:30.468580,111,248,0.30919220055710306
18,1573785258,2019-11-14T21:34:18.027360,110,248,0.30726256983240224
19,1573785243,2019-11-14T21:34:03.655562,110,248,0.30726256983240224
20,1573785215,2019-11-14T21:33:35.548417,109,248,0.30532212885154064
21,1573785210,2019-11-14T21:33:30.992808,109,248,0.30532212885154064
22,1573785150,2019-11-14T21:32:30.622058,108,248,0.30337078651685395
23,1573785143,2019-11-14T21:32:23.909810,108,248,0.30337078651685395
24,1573784975,2019-11-14T21:29:35.620911,107,248,0.30140845070422534
25,1573784971,2019-11-14T21:29:31.879410,107,248,0.30140845070422534
26,1573784954,2019-11-14T21:29:14.069984,106,248,0.2994350282485876
27,1573784951,2019-11-14T21:29:11.205405,106,248,0.2994350282485876
28,1573784919,2019-11-14T21:28:39.738385,105,248,0.29745042492917845
29,1573784913,2019-11-14T21:28:33.409740,105,248,0.29745042492917845
30,1573784900,2019-11-14T21:28:20.268808,104,248,0.29545454545454547
31,1573784896,2019-11-14T21:28:16.195228,104,248,0.29545454545454547
32,1573784866,2019-11-14T21:27:46.855633,103,248,0.2934472934472934
33,1573784863,2019-11-14T21:27:43.523697,103,248,0.2934472934472934
34,1573784842,2019-11-14T21:27:22.117102,102,248,0.2914285714285714
35,1573784839,2019-11-14T21:27:19.259583,102,248,0.2914285714285714
36,1573784797,2019-11-14T21:26:37.839419,101,248,0.28939828080229224
37,1573784794,2019-11-14T21:26:34.821817,101,248,0.28939828080229224
38,1573784776,2019-11-14T21:26:16.407840,100,248,0.28735632183908044
39,1573784773,2019-11-14T21:26:13.507449,100,248,0.28735632183908044
40,1573784757,2019-11-14T21:25:57.450936,99,248,0.28530259365994237
41,1573784752,2019-11-14T21:25:52.540216,99,248,0.28530259365994237
42,1573784729,2019-11-14T21:25:29.272572,98,248,0.2832369942196532
43,1573784726,2019-11-14T21:25:26.011641,98,248,0.2832369942196532
44,1573784716,2019-11-14T21:25:16.473616,97,248,0.2811594202898551
45,1573784713,2019-11-14T21:25:13.380442,97,248,0.2811594202898551
46,1573784702,2019-11-14T21:25:02.885126,96,248,0.27906976744186046
47,1573784699,2019-11-14T21:24:59.678392,96,248,0.27906976744186046
48,1573784685,2019-11-14T21:24:45.421078,95,248,0.27696793002915454
49,1573784682,2019-11-14T21:24:42.654829,95,248,0.27696793002915454
50,1573784668,2019-11-14T21:24:28.901659,94,248,0.27485380116959063
51,1573784665,2019-11-14T21:24:25.752692,94,248,0.27485380116959063
52,1573784638,2019-11-14T21:23:58.756387,93,248,0.2727272727272727
53,1573784635,2019-11-14T21:23:55.331323,93,248,0.2727272727272727
54,1573784617,2019-11-14T21:23:37.453510,92,248,0.27058823529411763
55,1573784614,2019-11-14T21:23:34.359197,92,248,0.27058823529411763
56,1573784601,2019-11-14T21:23:21.381154,91,248,0.26843657817109146
57,1573784598,2019-11-14T21:23:18.293080,91,248,0.26843657817109146
58,1573784576,2019-11-14T21:22:56.946702,90,248,0.26627218934911245
59,1573784574,2019-11-14T21:22:54.120318,90,248,0.26627218934911245
60,1573784509,2019-11-14T21:21:49.784078,89,248,0.26409495548961426
61,1573784506,2019-11-14T21:21:46.614950,89,248,0.26409495548961426
62,1573784489,2019-11-14T21:21:29.386217,88,248,0.2619047619047619
63,1573784486,2019-11-14T21:21:26.714898,88,248,0.2619047619047619
64,1573784466,2019-11-14T21:21:06.240561,87,248,0.25970149253731345
65,1573784462,2019-11-14T21:21:02.429328,87,248,0.25970149253731345
66,1573784434,2019-11-14T21:20:34.202793,86,248,0.25748502994011974
67,1573784430,2019-11-14T21:20:30.580168,86,248,0.25748502994011974
68,1573784411,2019-11-14T21:20:11.276250,85,248,0.2552552552552553
69,1573784408,2019-11-14T21:20:08.008945,85,248,0.2552552552552553
70,1573784386,2019-11-14T21:19:46.101880,84,248,0.25301204819277107
71,1573784382,2019-11-14T21:19:42.812879,84,248,0.25301204819277107
72,1573784370,2019-11-14T21:19:30.685537,83,248,0.25075528700906347
73,1573784367,2019-11-14T21:19:27.230007,83,248,0.25075528700906347
74,1573784349,2019-11-14T21:19:09.236598,82,248,0.24848484848484848
75,1573784346,2019-11-14T21:19:06.102937,82,248,0.24848484848484848
76,1573784328,2019-11-14T21:18:48.266311,81,248,0.24620060790273557
77,1573784324,2019-11-14T21:18:44.962922,81,248,0.24620060790273557
78,1573784280,2019-11-14T21:18:00.310143,80,248,0.24390243902439024
79,1573784273,2019-11-14T21:17:53.906941,80,248,0.24390243902439024
80,1573784260,2019-11-14T21:17:40.618515,79,248,0.2415902140672783
81,1573784256,2019-11-14T21:17:36.312516,79,248,0.2415902140672783
82,1573784237,2019-11-14T21:17:17.107137,78,248,0.2392638036809816
83,1573784233,2019-11-14T21:17:13.904244,78,248,0.2392638036809816
84,1573784200,2019-11-14T21:16:40.721849,77,248,0.23692307692307693
85,1573784197,2019-11-14T21:16:37.826097,77,248,0.23692307692307693
86,1573784181,2019-11-14T21:16:21.252177,76,248,0.2345679012345679
87,1573784175,2019-11-14T21:16:15.675683,76,248,0.2345679012345679
88,1573784153,2019-11-14T21:15:53.792668,75,248,0.23219814241486067
89,1573784149,2019-11-14T21:15:49.347932,75,248,0.23219814241486067
90,1573784132,2019-11-14T21:15:32.571385,74,248,0.22981366459627328
91,1573784127,2019-11-14T21:15:27.879088,74,248,0.22981366459627328
92,1573784087,2019-11-14T21:14:47.804131,73,248,0.22741433021806853
93,1573784084,2019-11-14T21:14:44.457191,73,248,0.22741433021806853
94,1573784047,2019-11-14T21:14:07.866516,72,248,0.225
95,1573784044,2019-11-14T21:14:04.861812,72,248,0.225
96,1573784029,2019-11-14T21:13:49.281059,71,248,0.2225705329153605
97,1573784026,2019-11-14T21:13:46.267309,71,248,0.2225705329153605
98,1573784004,2019-11-14T21:13:24.223916,70,248,0.22012578616352202
99,1573784000,2019-11-14T21:13:20.013043,70,248,0.22012578616352202
100,1573783982,2019-11-14T21:13:02.130277,69,248,0.21766561514195584
101,1573783978,2019-11-14T21:12:58.969666,69,248,0.21766561514195584
102,1573783941,2019-11-14T21:12:21.391588,68,248,0.21518987341772153
103,1573783933,2019-11-14T21:12:13.813970,68,248,0.21518987341772153
104,1573783905,2019-11-14T21:11:45.800489,67,248,0.2126984126984127
105,1573783901,2019-11-14T21:11:41.562804,67,248,0.2126984126984127
106,1573783834,2019-11-14T21:10:34.979728,66,248,0.21019108280254778
107,1573783832,2019-11-14T21:10:32.094691,66,248,0.21019108280254778
108,1573783731,2019-11-14T21:08:51.914546,65,248,0.20766773162939298
109,1573783715,2019-11-14T21:08:35.731047,65,248,0.20766773162939298
110,1573783694,2019-11-14T21:08:14.433423,64,248,0.20512820512820512
111,1573783691,2019-11-14T21:08:11.404681,64,248,0.20512820512820512
112,1573783667,2019-11-14T21:07:47.558529,63,248,0.20257234726688103
113,1573783662,2019-11-14T21:07:42.518305,63,248,0.20257234726688103
114,1573783639,2019-11-14T21:07:19.693720,62,248,0.2
115,1573783636,2019-11-14T21:07:16.416838,62,248,0.2
116,1573783468,2019-11-14T21:04:28.518832,61,248,0.19741100323624594
117,1573699182,2019-11-13T21:39:42.331225,61,248,0.19741100323624594
118,1573699179,2019-11-13T21:39:39.492128,61,248,0.19741100323624594
119,1573699155,2019-11-13T21:39:15.669156,60,248,0.19480519480519481
120,1573699152,2019-11-13T21:39:12.641901,60,248,0.19480519480519481
121,1573699121,2019-11-13T21:38:41.233975,59,248,0.19218241042345277
122,1573699116,2019-11-13T21:38:36.437176,59,248,0.19218241042345277
123,1573699074,2019-11-13T21:37:54.818208,58,248,0.1895424836601307
124,1573699071,2019-11-13T21:37:51.909217,58,248,0.1895424836601307
125,1573699052,2019-11-13T21:37:32.415117,57,248,0.18688524590163935
126,1573699047,2019-11-13T21:37:27.225149,57,248,0.18688524590163935
127,1573699030,2019-11-13T21:37:10.037534,56,248,0.18421052631578946
128,1573699027,2019-11-13T21:37:07.326987,56,248,0.18421052631578946
129,1573698961,2019-11-13T21:36:01.714949,55,248,0.18151815181518152
130,1573698958,2019-11-13T21:35:58.903372,55,248,0.18151815181518152
131,1573698932,2019-11-13T21:35:32.854276,54,248,0.17880794701986755
132,1573698929,2019-11-13T21:35:29.834452,54,248,0.17880794701986755
133,1573698894,2019-11-13T21:34:54.636889,53,248,0.1760797342192691
134,1573698891,2019-11-13T21:34:51.412033,53,248,0.1760797342192691
135,1573698868,2019-11-13T21:34:28.549835,52,248,0.17333333333333334
136,1573698865,2019-11-13T21:34:25.738481,52,248,0.17333333333333334
137,1573698845,2019-11-13T21:34:05.700634,51,248,0.1705685618729097
138,1573698842,2019-11-13T21:34:02.501991,51,248,0.1705685618729097
139,1573698798,2019-11-13T21:33:18.716367,50,248,0.16778523489932887
140,1573698796,2019-11-13T21:33:16.025137,50,248,0.16778523489932887
141,1573698784,2019-11-13T21:33:04.025161,49,248,0.16498316498316498
142,1573698780,2019-11-13T21:33:00.918606,49,248,0.16498316498316498
143,1573698757,2019-11-13T21:32:37.108917,48,248,0.16216216216216217
144,1573698753,2019-11-13T21:32:33.898146,48,248,0.16216216216216217
145,1573698736,2019-11-13T21:32:16.704215,47,248,0.15932203389830507
146,1573698497,2019-11-13T21:28:17.651630,47,248,0.15932203389830507
147,1573698492,2019-11-13T21:28:12.391011,47,248,0.15932203389830507
148,1573698461,2019-11-13T21:27:41.681401,46,248,0.1564625850340136
149,1573698458,2019-11-13T21:27:38.152415,46,248,0.1564625850340136
150,1573698429,2019-11-13T21:27:09.613657,45,248,0.15358361774744028
151,1573698426,2019-11-13T21:27:06.326500,45,248,0.15358361774744028
152,1573698404,2019-11-13T21:26:44.789939,44,248,0.1506849315068493
153,1573698400,2019-11-13T21:26:40.499377,44,248,0.1506849315068493
154,1573698367,2019-11-13T21:26:07.623676,43,248,0.14776632302405499
155,1573698363,2019-11-13T21:26:03.991386,43,248,0.14776632302405499
156,1573698339,2019-11-13T21:25:39.869318,42,248,0.14482758620689656
157,1573698336,2019-11-13T21:25:36.357448,42,248,0.14482758620689656
158,1573698307,2019-11-13T21:25:07.323383,41,248,0.14186851211072665
159,1573698304,2019-11-13T21:25:04.427607,41,248,0.14186851211072665
160,1573698277,2019-11-13T21:24:37.911478,40,248,0.1388888888888889
161,1573698274,2019-11-13T21:24:34.985562,40,248,0.1388888888888889
162,1573698254,2019-11-13T21:24:14.879859,39,248,0.13588850174216027
163,1573698251,2019-11-13T21:24:11.076547,39,248,0.13588850174216027
164,1573698218,2019-11-13T21:23:38.513606,38,248,0.13286713286713286
165,1573698215,2019-11-13T21:23:35.565295,38,248,0.13286713286713286
166,1573698160,2019-11-13T21:22:40.294813,37,248,0.12982456140350876
167,1573698155,2019-11-13T21:22:35.612301,37,248,0.12982456140350876
168,1573698137,2019-11-13T21:22:17.243790,36,248,0.1267605633802817
169,1573698134,2019-11-13T21:22:14.552297,36,248,0.1267605633802817
170,1573698103,2019-11-13T21:21:43.546132,35,248,0.12367491166077739
171,1573698100,2019-11-13T21:21:40.401020,35,248,0.12367491166077739
172,1573698094,2019-11-13T21:21:34.055815,34,248,0.12056737588652482
173,1573698091,2019-11-13T21:21:31.000896,34,248,0.12056737588652482
174,1573698063,2019-11-13T21:21:03.517155,33,248,0.11743772241992882
175,1573698060,2019-11-13T21:21:00.245872,33,248,0.11743772241992882
176,1573698042,2019-11-13T21:20:42.657996,32,248,0.11428571428571428
177,1573698039,2019-11-13T21:20:39.675129,32,248,0.11428571428571428
178,1573697991,2019-11-13T21:19:51.398136,31,248,0.1111111111111111
179,1573697986,2019-11-13T21:19:46.775135,31,248,0.1111111111111111
180,1573697964,2019-11-13T21:19:24.876125,30,248,0.1079136690647482
181,1573697960,2019-11-13T21:19:20.714709,30,248,0.1079136690647482
182,1573697912,2019-11-13T21:18:32.754633,29,248,0.10469314079422383
183,1573697909,2019-11-13T21:18:29.178145,29,248,0.10469314079422383
184,1573697891,2019-11-13T21:18:11.597950,28,248,0.10144927536231885
185,1573697888,2019-11-13T21:18:08.767289,28,248,0.10144927536231885
186,1573697876,2019-11-13T21:17:56.906055,27,248,0.09818181818181818
187,1573697873,2019-11-13T21:17:53.974874,27,248,0.09818181818181818
188,1573697861,2019-11-13T21:17:41.573998,26,248,0.0948905109489051
189,1573697857,2019-11-13T21:17:37.255173,26,248,0.0948905109489051
190,1573697836,2019-11-13T21:17:16.231702,25,248,0.09157509157509157
191,1573697832,2019-11-13T21:17:12.626500,25,248,0.09157509157509157
192,1573697802,2019-11-13T21:16:42.994479,24,248,0.08823529411764706
193,1573697799,2019-11-13T21:16:39.703006,24,248,0.08823529411764706
194,1573697772,2019-11-13T21:16:12.350362,23,248,0.08487084870848709
195,1573697769,2019-11-13T21:16:09.414278,23,248,0.08487084870848709
196,1573697740,2019-11-13T21:15:40.071135,22,248,0.08148148148148149
197,1573697736,2019-11-13T21:15:36.413386,22,248,0.08148148148148149
198,1573697708,2019-11-13T21:15:08.900334,21,248,0.07806691449814127
199,1573697705,2019-11-13T21:15:05.395653,21,248,0.07806691449814127
200,1573697689,2019-11-13T21:14:49.390022,20,248,0.07462686567164178
201,1573697686,2019-11-13T21:14:46.465994,20,248,0.07462686567164178
202,1573697641,2019-11-13T21:14:01.110698,19,248,0.07116104868913857
203,1573697638,2019-11-13T21:13:58.197923,19,248,0.07116104868913857
204,1573697619,2019-11-13T21:13:39.376450,18,248,0.06766917293233082
205,1573697616,2019-11-13T21:13:36.402708,18,248,0.06766917293233082
206,1573697592,2019-11-13T21:13:12.059198,17,248,0.06415094339622641
207,1573697588,2019-11-13T21:13:08.412490,17,248,0.06415094339622641
208,1573697558,2019-11-13T21:12:38.687049,16,248,0.06060606060606061
209,1573697555,2019-11-13T21:12:35.881613,16,248,0.06060606060606061
210,1573697524,2019-11-13T21:12:04.200369,15,248,0.057034220532319393
211,1573697521,2019-11-13T21:12:01.193714,15,248,0.057034220532319393
212,1573697449,2019-11-13T21:10:49.876550,14,248,0.05343511450381679
213,1573697446,2019-11-13T21:10:46.958803,14,248,0.05343511450381679
214,1573697414,2019-11-13T21:10:14.176712,13,248,0.04980842911877394
215,1573697411,2019-11-13T21:10:11.422192,13,248,0.04980842911877394
216,1573697351,2019-11-13T21:09:11.419380,12,248,0.046153846153846156
217,1573697348,2019-11-13T21:09:08.706645,12,248,0.046153846153846156
218,1573697315,2019-11-13T21:08:35.753637,11,248,0.04247104247104247
219,1573697312,2019-11-13T21:08:32.771872,11,248,0.04247104247104247
220,1573697278,2019-11-13T21:07:58.447072,10,248,0.03875968992248062
221,1573697274,2019-11-13T21:07:54.986039,10,248,0.03875968992248062
222,1573697267,2019-11-13T21:07:47.769362,11,247,0.04263565891472868
223,1573697264,2019-11-13T21:07:44.874861,11,247,0.04263565891472868
224,1573697251,2019-11-13T21:07:31.526077,11,247,0.04263565891472868
225,1573697248,2019-11-13T21:07:28.659090,11,247,0.04263565891472868
226,1573697180,2019-11-13T21:06:20.192094,10,247,0.038910505836575876
227,1573697177,2019-11-13T21:06:17.127895,10,247,0.038910505836575876
228,1573697150,2019-11-13T21:05:50.582072,10,247,0.038910505836575876
229,1573697142,2019-11-13T21:05:42.430320,10,247,0.038910505836575876
230,1573697124,2019-11-13T21:05:24.246707,10,246,0.0390625
231,1573697121,2019-11-13T21:05:21.407465,10,246,0.0390625
232,1573697016,2019-11-13T21:03:36.178722,10,246,0.0390625
233,1573697012,2019-11-13T21:03:32.956272,10,246,0.0390625
234,1573696984,2019-11-13T21:03:04.840817,10,246,0.0390625
235,1573696981,2019-11-13T21:03:01.234678,10,246,0.0390625
236,1573696963,2019-11-13T21:02:43.671477,11,245,0.04296875
237,1573696960,2019-11-13T21:02:40.238950,11,245,0.04296875
238,1573696931,2019-11-13T21:02:11.132089,11,245,0.04296875
239,1573696927,2019-11-13T21:02:07.973592,11,245,0.04296875
240,1573696904,2019-11-13T21:01:44.731389,12,244,0.046875
241,1573696901,2019-11-13T21:01:41.768292,12,244,0.046875
242,1573696875,2019-11-13T21:01:15.751959,13,243,0.05078125
243,1573696872,2019-11-13T21:01:12.347958,13,243,0.05078125
244,1573696853,2019-11-13T21:00:53.770392,13,243,0.05078125
245,1573696850,2019-11-13T21:00:50.441138,13,243,0.05078125
246,1573696823,2019-11-13T21:00:23.384016,14,242,0.0546875
247,1573696820,2019-11-13T21:00:20.181078,14,242,0.0546875
248,1573696787,2019-11-13T20:59:47.525709,15,241,0.05859375
249,1573696783,2019-11-13T20:59:43.959763,15,241,0.05859375
250,1573696756,2019-11-13T20:59:16.999860,16,240,0.0625
251,1573696754,2019-11-13T20:59:14.386633,16,240,0.0625
252,1573696721,2019-11-13T20:58:41.621977,17,239,0.06640625
253,1573696718,2019-11-13T20:58:38.411460,17,239,0.06640625
254,1573696665,2019-11-13T20:57:45.935625,18,238,0.0703125
255,1573696662,2019-11-13T20:57:42.965269,18,238,0.0703125
256,1573696395,2019-11-13T20:53:15.228065,19,237,0.07421875
257,1573696391,2019-11-13T20:53:11.518403,19,237,0.07421875
258,1573696361,2019-11-13T20:52:41.602378,20,236,0.078125
259,1573696358,2019-11-13T20:52:38.648628,20,236,0.078125
260,1573696342,2019-11-13T20:52:22.259287,20,236,0.078125
261,1573696339,2019-11-13T20:52:19.359032,20,236,0.078125
262,1573696232,2019-11-13T20:50:32.631153,20,236,0.078125
263,1573696229,2019-11-13T20:50:29.453094,20,236,0.078125
264,1573696182,2019-11-13T20:49:42.704862,21,235,0.08203125
265,1573696179,2019-11-13T20:49:39.334712,21,235,0.08203125
266,1573696118,2019-11-13T20:48:38.885658,22,234,0.0859375
267,1573696111,2019-11-13T20:48:31.625673,22,234,0.0859375
268,1573696063,2019-11-13T20:47:43.273778,23,233,0.08984375
269,1573695915,2019-11-13T20:45:15.581006,23,233,0.08984375
270,1573695912,2019-11-13T20:45:12.482433,23,233,0.08984375
271,1573695846,2019-11-13T20:44:06.818401,24,232,0.09375
272,1573695843,2019-11-13T20:44:03.859035,24,232,0.09375
273,1573695764,2019-11-13T20:42:44.278465,25,231,0.09765625
274,1573695761,2019-11-13T20:42:41.073900,25,231,0.09765625
275,1573695707,2019-11-13T20:41:47.288611,26,230,0.1015625
276,1573695700,2019-11-13T20:41:40.068966,26,230,0.1015625
277,1573695623,2019-11-13T20:40:23.298713,26,230,0.1015625
278,1573695619,2019-11-13T20:40:19.471615,26,230,0.1015625
279,1573695490,2019-11-13T20:38:10.013473,27,229,0.10546875
280,1573695272,2019-11-13T20:34:32.831500,28,229,0.10894941634241245
281,1573695270,2019-11-13T20:34:30.486239,28,229,0.10894941634241245
282,1573695262,2019-11-13T20:34:22.427467,29,228,0.11284046692607004
283,1573695260,2019-11-13T20:34:20.047762,29,228,0.11284046692607004
284,1573695249,2019-11-13T20:34:09.444401,30,227,0.11673151750972763
285,1573695247,2019-11-13T20:34:07.565053,30,227,0.11673151750972763
286,1573695207,2019-11-13T20:33:27.999135,30,227,0.11673151750972763
287,1573695205,2019-11-13T20:33:25.573530,30,227,0.11673151750972763
288,1573695170,2019-11-13T20:32:50.855758,30,227,0.11673151750972763
289,1573695168,2019-11-13T20:32:48.647265,30,227,0.11673151750972763
290,1573695129,2019-11-13T20:32:09.623217,31,226,0.12062256809338522
291,1573695127,2019-11-13T20:32:07.434758,31,226,0.12062256809338522
292,1573695087,2019-11-13T20:31:27.636316,31,226,0.12062256809338522
293,1573695085,2019-11-13T20:31:25.458073,31,226,0.12062256809338522
294,1573695078,2019-11-13T20:31:18.445533,32,225,0.1245136186770428
295,1573695076,2019-11-13T20:31:16.341304,32,225,0.1245136186770428
296,1573695068,2019-11-13T20:31:08.931834,33,224,0.12840466926070038
297,1573695066,2019-11-13T20:31:06.614937,33,224,0.12840466926070038
298,1573695023,2019-11-13T20:30:23.943534,33,224,0.12840466926070038
299,1573695021,2019-11-13T20:30:21.609376,33,224,0.12840466926070038
300,1573695014,2019-11-13T20:30:14.428688,34,223,0.13229571984435798
301,1573695012,2019-11-13T20:30:12.374958,34,223,0.13229571984435798
302,1573695005,2019-11-13T20:30:05.885300,35,222,0.13618677042801555
303,1573695003,2019-11-13T20:30:03.687742,35,222,0.13618677042801555
304,1573694997,2019-11-13T20:29:57.447037,36,221,0.14007782101167315
305,1573694995,2019-11-13T20:29:55.234334,36,221,0.14007782101167315
306,1573694987,2019-11-13T20:29:47.740545,37,220,0.14396887159533073
307,1573694985,2019-11-13T20:29:45.462786,37,220,0.14396887159533073
308,1573694974,2019-11-13T20:29:34.224356,38,219,0.14785992217898833
309,1573694971,2019-11-13T20:29:31.886895,38,219,0.14785992217898833
310,1573694964,2019-11-13T20:29:24.247831,39,218,0.1517509727626459
311,1573694961,2019-11-13T20:29:21.825834,39,218,0.1517509727626459
312,1573694953,2019-11-13T20:29:13.606580,40,217,0.1556420233463035
313,1573694951,2019-11-13T20:29:11.568296,40,217,0.1556420233463035
314,1573694944,2019-11-13T20:29:04.070438,41,216,0.15953307392996108
315,1573694942,2019-11-13T20:29:02.152854,41,216,0.15953307392996108
316,1573694935,2019-11-13T20:28:55.144308,42,215,0.16342412451361868
317,1573694933,2019-11-13T20:28:53.267392,42,215,0.16342412451361868
318,1573694923,2019-11-13T20:28:43.176836,43,214,0.16731517509727625
319,1573694921,2019-11-13T20:28:41.365419,43,214,0.16731517509727625
320,1573694914,2019-11-13T20:28:34.256043,44,213,0.17120622568093385
321,1573694911,2019-11-13T20:28:31.869303,44,213,0.17120622568093385
322,1573694864,2019-11-13T20:27:44.175430,45,212,0.17509727626459143
323,1573694861,2019-11-13T20:27:41.764547,45,212,0.17509727626459143
324,1573694856,2019-11-13T20:27:36.278519,46,211,0.17898832684824903
325,1573694854,2019-11-13T20:27:34.321904,46,211,0.17898832684824903
326,1573694840,2019-11-13T20:27:20.761245,47,210,0.1828793774319066
327,1573694838,2019-11-13T20:27:18.413310,47,210,0.1828793774319066
328,1573694829,2019-11-13T20:27:09.445132,48,209,0.1867704280155642
329,1573694827,2019-11-13T20:27:07.348857,48,209,0.1867704280155642
330,1573694814,2019-11-13T20:26:54.656277,48,209,0.1867704280155642
331,1573694812,2019-11-13T20:26:52.741784,48,209,0.1867704280155642
332,1573694757,2019-11-13T20:25:57.246079,49,208,0.19066147859922178
333,1573694754,2019-11-13T20:25:54.769476,49,208,0.19066147859922178
334,1573694743,2019-11-13T20:25:43.098948,50,207,0.19455252918287938
335,1573694741,2019-11-13T20:25:41.181288,50,207,0.19455252918287938
336,1573694734,2019-11-13T20:25:34.098960,51,206,0.19844357976653695
337,1573694732,2019-11-13T20:25:32.055126,51,206,0.19844357976653695
338,1573694692,2019-11-13T20:24:52.591113,52,205,0.20233463035019456
339,1573694690,2019-11-13T20:24:50.125425,52,205,0.20233463035019456
340,1573694676,2019-11-13T20:24:36.829181,53,204,0.20622568093385213
341,1573694674,2019-11-13T20:24:34.673329,53,204,0.20622568093385213
342,1573694598,2019-11-13T20:23:18.377892,54,203,0.21011673151750973
343,1573694596,2019-11-13T20:23:16.124750,54,203,0.21011673151750973
344,1573694586,2019-11-13T20:23:06.577369,55,202,0.2140077821011673
345,1573694584,2019-11-13T20:23:04.529827,55,202,0.2140077821011673
346,1573694574,2019-11-13T20:22:54.495885,56,201,0.2178988326848249
347,1573694571,2019-11-13T20:22:51.898400,56,201,0.2178988326848249
348,1573694540,2019-11-13T20:22:20.279313,57,200,0.22178988326848248
349,1573694537,2019-11-13T20:22:17.253544,57,200,0.22178988326848248
350,1573694484,2019-11-13T20:21:24.303216,57,200,0.22178988326848248
351,1573694482,2019-11-13T20:21:22.238792,57,200,0.22178988326848248
352,1573694474,2019-11-13T20:21:14.776302,58,199,0.22568093385214008
353,1573694472,2019-11-13T20:21:12.595790,58,199,0.22568093385214008
354,1573694464,2019-11-13T20:21:04.982261,59,198,0.22957198443579765
355,1573694462,2019-11-13T20:21:02.477729,59,198,0.22957198443579765
356,1573694448,2019-11-13T20:20:48.746338,60,197,0.23346303501945526
357,1573694446,2019-11-13T20:20:46.449253,60,197,0.23346303501945526
358,1573694413,2019-11-13T20:20:13.837584,61,196,0.23735408560311283
359,1573694411,2019-11-13T20:20:11.462062,61,196,0.23735408560311283
360,1573694370,2019-11-13T20:19:30.381429,62,195,0.24124513618677043
361,1573694368,2019-11-13T20:19:28.009880,62,195,0.24124513618677043
362,1573694355,2019-11-13T20:19:15.341916,63,194,0.245136186770428
363,1573694353,2019-11-13T20:19:13.303407,63,194,0.245136186770428
364,1573694345,2019-11-13T20:19:05.307465,64,193,0.2490272373540856
365,1573694343,2019-11-13T20:19:03.137277,64,193,0.2490272373540856
366,1573694328,2019-11-13T20:18:48.458635,65,192,0.2529182879377432
367,1573694324,2019-11-13T20:18:44.046298,65,192,0.2529182879377432
368,1573694228,2019-11-13T20:17:08.003666,66,191,0.25680933852140075
369,1573694226,2019-11-13T20:17:06.062167,66,191,0.25680933852140075
370,1573694217,2019-11-13T20:16:57.391570,67,190,0.2607003891050584
371,1573694215,2019-11-13T20:16:55.281420,67,190,0.2607003891050584
372,1573694207,2019-11-13T20:16:47.172557,68,189,0.26459143968871596
373,1573694204,2019-11-13T20:16:44.719710,68,189,0.26459143968871596
374,1573694163,2019-11-13T20:16:03.633817,68,189,0.26459143968871596
375,1573694161,2019-11-13T20:16:01.393736,68,189,0.26459143968871596
376,1573694145,2019-11-13T20:15:45.993595,69,188,0.26848249027237353
377,1573694143,2019-11-13T20:15:43.551336,69,188,0.26848249027237353
378,1573694100,2019-11-13T20:15:00.171378,69,188,0.26848249027237353
379,1573694097,2019-11-13T20:14:57.706010,69,188,0.26848249027237353
380,1573694083,2019-11-13T20:14:43.218433,70,187,0.2723735408560311
381,1573694081,2019-11-13T20:14:41.486082,70,187,0.2723735408560311
382,1573694033,2019-11-13T20:13:53.971649,71,186,0.27626459143968873
383,1573694032,2019-11-13T20:13:52.102157,71,186,0.27626459143968873
384,1573694024,2019-11-13T20:13:44.333840,72,185,0.2801556420233463
385,1573694021,2019-11-13T20:13:41.421084,72,185,0.2801556420233463
386,1573694009,2019-11-13T20:13:29.649584,73,184,0.2840466926070039
387,1573681876,2019-11-13T16:51:16.509717,73,184,0.2840466926070039
388,1573681873,2019-11-13T16:51:13.518998,73,184,0.2840466926070039
389,1573681828,2019-11-13T16:50:28.882604,74,183,0.28793774319066145
390,1573681826,2019-11-13T16:50:26.201543,74,183,0.28793774319066145
391,1573681811,2019-11-13T16:50:11.963807,74,183,0.28793774319066145
392,1573681809,2019-11-13T16:50:09.203632,74,183,0.28793774319066145
393,1573681800,2019-11-13T16:50:00.846972,74,183,0.28793774319066145
394,1573681798,2019-11-13T16:49:58.664494,74,183,0.28793774319066145
395,1573681782,2019-11-13T16:49:42.244400,74,183,0.28793774319066145
396,1573681779,2019-11-13T16:49:39.698540,74,183,0.28793774319066145
397,1573681763,2019-11-13T16:49:23.671218,75,182,0.2918287937743191
398,1573681761,2019-11-13T16:49:21.507627,75,182,0.2918287937743191
399,1573681754,2019-11-13T16:49:14.144447,76,181,0.29571984435797666
400,1573681751,2019-11-13T16:49:11.711036,76,181,0.29571984435797666
401,1573681739,2019-11-13T16:48:59.891629,77,180,0.29961089494163423
402,1573681737,2019-11-13T16:48:57.558346,77,180,0.29961089494163423
403,1573681726,2019-11-13T16:48:46.731843,78,179,0.3035019455252918
404,1573681724,2019-11-13T16:48:44.103082,78,179,0.3035019455252918
405,1573681716,2019-11-13T16:48:36.947418,79,178,0.30739299610894943
406,1573681714,2019-11-13T16:48:34.447078,79,178,0.30739299610894943
407,1573681693,2019-11-13T16:48:13.738457,80,177,0.311284046692607
408,1573681690,2019-11-13T16:48:10.953734,80,177,0.311284046692607
409,1573681670,2019-11-13T16:47:50.483198,81,176,0.3151750972762646
410,1573681668,2019-11-13T16:47:48.119936,81,176,0.3151750972762646
411,1573681633,2019-11-13T16:47:13.395178,82,175,0.31906614785992216
412,1573681631,2019-11-13T16:47:11.024214,82,175,0.31906614785992216
413,1573681597,2019-11-13T16:46:37.823164,83,174,0.3229571984435798
414,1573681595,2019-11-13T16:46:35.709538,83,174,0.3229571984435798
415,1573681572,2019-11-13T16:46:12.844546,84,173,0.32684824902723736
416,1573681569,2019-11-13T16:46:09.953004,84,173,0.32684824902723736
417,1573681558,2019-11-13T16:45:58.285210,85,172,0.33073929961089493
418,1573681555,2019-11-13T16:45:55.702690,85,172,0.33073929961089493
419,1573681535,2019-11-13T16:45:35.995495,86,171,0.3346303501945525
420,1573681533,2019-11-13T16:45:33.452094,86,171,0.3346303501945525
421,1573681509,2019-11-13T16:45:09.939647,87,170,0.33852140077821014
422,1573681507,2019-11-13T16:45:07.685292,87,170,0.33852140077821014
423,1573681485,2019-11-13T16:44:45.201189,88,169,0.3424124513618677
424,1573681482,2019-11-13T16:44:42.829601,88,169,0.3424124513618677
425,1573681461,2019-11-13T16:44:21.832410,89,168,0.3463035019455253
426,1573681459,2019-11-13T16:44:19.761851,89,168,0.3463035019455253
427,1573681452,2019-11-13T16:44:12.280941,90,167,0.35019455252918286
428,1573681449,2019-11-13T16:44:09.653900,90,167,0.35019455252918286
429,1573681435,2019-11-13T16:43:55.401205,91,166,0.3540856031128405
430,1573681432,2019-11-13T16:43:52.974352,91,166,0.3540856031128405
431,1573681415,2019-11-13T16:43:35.703833,92,165,0.35797665369649806
432,1573681413,2019-11-13T16:43:33.446545,92,165,0.35797665369649806
433,1573681403,2019-11-13T16:43:23.921959,93,164,0.36186770428015563
434,1573681401,2019-11-13T16:43:21.452646,93,164,0.36186770428015563
435,1573681388,2019-11-13T16:43:08.276900,94,163,0.3657587548638132
436,1573681385,2019-11-13T16:43:05.970459,94,163,0.3657587548638132
437,1573681378,2019-11-13T16:42:58.253381,95,162,0.36964980544747084
438,1573681375,2019-11-13T16:42:55.370765,95,162,0.36964980544747084
439,1573681348,2019-11-13T16:42:28.106045,95,162,0.36964980544747084
440,1573681343,2019-11-13T16:42:23.242191,95,162,0.36964980544747084
441,1573681322,2019-11-13T16:42:02.860948,96,161,0.3735408560311284
442,1573681319,2019-11-13T16:41:59.817842,96,161,0.3735408560311284
443,1573681274,2019-11-13T16:41:14.154101,97,160,0.377431906614786
444,1573681271,2019-11-13T16:41:11.703106,97,160,0.377431906614786
445,1573681254,2019-11-13T16:40:54.094746,98,159,0.38132295719844356
446,1573681251,2019-11-13T16:40:51.364379,98,159,0.38132295719844356
447,1573681214,2019-11-13T16:40:14.127032,99,158,0.3852140077821012
448,1573681211,2019-11-13T16:40:11.606150,99,158,0.3852140077821012
449,1573681047,2019-11-13T16:37:27.312313,100,157,0.38910505836575876
450,1573681038,2019-11-13T16:37:18.135425,100,157,0.38910505836575876
451,1573680956,2019-11-13T16:35:56.377425,101,156,0.39299610894941633
452,1573615400,2019-11-12T22:23:20.567392,101,156,0.39299610894941633
453,1573615398,2019-11-12T22:23:18.316789,101,156,0.39299610894941633
454,1573615359,2019-11-12T22:22:39.740866,102,155,0.3968871595330739
455,1573615357,2019-11-12T22:22:37.588169,102,155,0.3968871595330739
456,1573615340,2019-11-12T22:22:20.441762,103,154,0.40077821011673154
457,1573615337,2019-11-12T22:22:17.312059,103,154,0.40077821011673154
458,1573615183,2019-11-12T22:19:43.689177,103,154,0.40077821011673154
459,1573615179,2019-11-12T22:19:39.484187,103,154,0.40077821011673154
460,1573615162,2019-11-12T22:19:22.677290,104,153,0.4046692607003891
461,1573615159,2019-11-12T22:19:19.521787,104,153,0.4046692607003891
462,1573615134,2019-11-12T22:18:54.187659,105,152,0.4085603112840467
463,1573615131,2019-11-12T22:18:51.293221,105,152,0.4085603112840467
464,1573615049,2019-11-12T22:17:29.989641,106,151,0.41245136186770426
465,1573615047,2019-11-12T22:17:27.127715,106,151,0.41245136186770426
466,1573615033,2019-11-12T22:17:13.120161,106,151,0.41245136186770426
467,1573615030,2019-11-12T22:17:10.106475,106,151,0.41245136186770426
468,1573615005,2019-11-12T22:16:45.385186,107,150,0.4163424124513619
469,1573615002,2019-11-12T22:16:42.010963,107,150,0.4163424124513619
470,1573614834,2019-11-12T22:13:54.745331,107,150,0.4163424124513619
471,1573614832,2019-11-12T22:13:52.596858,107,150,0.4163424124513619
472,1573614390,2019-11-12T22:06:30.594193,107,150,0.4163424124513619
473,1573614387,2019-11-12T22:06:27.984788,107,150,0.4163424124513619
474,1573614300,2019-11-12T22:05:00.127221,107,150,0.4163424124513619
475,1573614297,2019-11-12T22:04:57.636541,107,150,0.4163424124513619
476,1573613825,2019-11-12T21:57:05.747674,107,150,0.4163424124513619
477,1573613818,2019-11-12T21:56:58.021123,107,150,0.4163424124513619
478,1573613785,2019-11-12T21:56:25.952151,107,150,0.4163424124513619
479,1573613783,2019-11-12T21:56:23.670498,107,150,0.4163424124513619
480,1573613761,2019-11-12T21:56:01.387528,108,149,0.42023346303501946
481,1573613758,2019-11-12T21:55:58.484040,108,149,0.42023346303501946
482,1573613737,2019-11-12T21:55:37.431070,109,148,0.42412451361867703
483,1573613733,2019-11-12T21:55:33.467233,109,148,0.42412451361867703
484,1573613714,2019-11-12T21:55:14.207613,110,147,0.4280155642023346
485,1573613710,2019-11-12T21:55:10.922146,110,147,0.4280155642023346
486,1573613676,2019-11-12T21:54:36.990722,111,146,0.43190661478599224
487,1573613672,2019-11-12T21:54:32.410211,111,146,0.43190661478599224
488,1573613085,2019-11-12T21:44:45.642238,111,146,0.43190661478599224
489,1573606850,2019-11-12T20:00:50.466268,112,146,0.43410852713178294
490,1573606847,2019-11-12T20:00:47.728256,112,146,0.43410852713178294
491,1573606821,2019-11-12T20:00:21.448915,111,146,0.43190661478599224
492,1573606818,2019-11-12T20:00:18.731369,111,146,0.43190661478599224
493,1573606812,2019-11-12T20:00:12.084794,110,146,0.4296875
494,1573606809,2019-11-12T20:00:09.541981,110,146,0.4296875
495,1573606800,2019-11-12T20:00:00.543872,109,146,0.42745098039215684
496,1573606797,2019-11-12T19:59:57.947311,109,146,0.42745098039215684
497,1573606790,2019-11-12T19:59:50.972687,108,146,0.4251968503937008
498,1573606788,2019-11-12T19:59:48.431606,108,146,0.4251968503937008
499,1573606781,2019-11-12T19:59:41.546413,107,146,0.42292490118577075
500,1573606779,2019-11-12T19:59:39.127805,107,146,0.42292490118577075
501,1573606771,2019-11-12T19:59:31.274885,106,146,0.42063492063492064
502,1573606768,2019-11-12T19:59:28.713343,106,146,0.42063492063492064
503,1573606741,2019-11-12T19:59:01.207288,105,146,0.41832669322709165
504,1573606738,2019-11-12T19:58:58.386704,105,146,0.41832669322709165
505,1573606724,2019-11-12T19:58:44.349817,104,146,0.416
506,1573606721,2019-11-12T19:58:41.840237,104,146,0.416
507,1573606695,2019-11-12T19:58:15.458127,103,146,0.41365461847389556
508,1573606692,2019-11-12T19:58:12.828941,103,146,0.41365461847389556
509,1573606644,2019-11-12T19:57:24.271831,102,146,0.4112903225806452
510,1573606641,2019-11-12T19:57:21.783895,102,146,0.4112903225806452
511,1573606633,2019-11-12T19:57:13.637898,101,146,0.4089068825910931
512,1573606630,2019-11-12T19:57:10.884567,101,146,0.4089068825910931
513,1573606601,2019-11-12T19:56:41.439827,100,146,0.4065040650406504
514,1573606598,2019-11-12T19:56:38.389407,100,146,0.4065040650406504
515,1573606583,2019-11-12T19:56:23.143973,99,146,0.40408163265306124
516,1573606579,2019-11-12T19:56:19.776852,99,146,0.40408163265306124
517,1573606569,2019-11-12T19:56:09.076674,98,146,0.4016393442622951
518,1573606566,2019-11-12T19:56:06.307290,98,146,0.4016393442622951
519,1573606537,2019-11-12T19:55:37.392501,97,146,0.3991769547325103
520,1573606536,2019-11-12T19:55:36.157223,97,146,0.3991769547325103
521,1573606508,2019-11-12T19:55:08.589076,96,146,0.39669421487603307
522,1573606422,2019-11-12T19:53:42.416137,96,146,0.39669421487603307
523,1573606415,2019-11-12T19:53:35.398701,95,146,0.3941908713692946
524,1573606407,2019-11-12T19:53:27.623419,95,146,0.3941908713692946
525,1573606399,2019-11-12T19:53:19.877173,94,146,0.39166666666666666
526,1573606397,2019-11-12T19:53:17.073783,94,146,0.39166666666666666
527,1573606390,2019-11-12T19:53:10.129927,93,146,0.3891213389121339
528,1573606387,2019-11-12T19:53:07.561667,93,146,0.3891213389121339
529,1573606371,2019-11-12T19:52:51.652709,92,146,0.3865546218487395
530,1573606368,2019-11-12T19:52:48.894682,92,146,0.3865546218487395
531,1573606340,2019-11-12T19:52:20.277978,91,146,0.38396624472573837
532,1573606337,2019-11-12T19:52:17.254610,91,146,0.38396624472573837
533,1573606266,2019-11-12T19:51:06.381763,90,146,0.3813559322033898
534,1573602255,2019-11-12T18:44:15.044444,90,146,0.3813559322033898
535,1573602251,2019-11-12T18:44:11.897892,90,146,0.3813559322033898
536,1573602240,2019-11-12T18:44:00.997938,91,145,0.3855932203389831
537,1573602237,2019-11-12T18:43:57.915268,91,145,0.3855932203389831
538,1573602196,2019-11-12T18:43:16.603783,92,144,0.3898305084745763
539,1573602193,2019-11-12T18:43:13.898220,92,144,0.3898305084745763
540,1573602183,2019-11-12T18:43:03.726964,93,143,0.3940677966101695
541,1573602180,2019-11-12T18:43:00.966507,93,143,0.3940677966101695
542,1573602162,2019-11-12T18:42:42.199415,94,142,0.3983050847457627
543,1573602159,2019-11-12T18:42:39.102920,94,142,0.3983050847457627
544,1573602149,2019-11-12T18:42:29.096709,95,141,0.4025423728813559
545,1573602145,2019-11-12T18:42:25.763199,95,141,0.4025423728813559
546,1573602136,2019-11-12T18:42:16.320327,96,140,0.4067796610169492
547,1573602133,2019-11-12T18:42:13.378975,96,140,0.4067796610169492
548,1573602059,2019-11-12T18:40:59.187607,96,140,0.4067796610169492
549,1573602056,2019-11-12T18:40:56.329195,96,140,0.4067796610169492
550,1573602045,2019-11-12T18:40:45.796269,97,139,0.4110169491525424
551,1573602042,2019-11-12T18:40:42.043418,97,139,0.4110169491525424
552,1573602032,2019-11-12T18:40:32.265471,98,138,0.4152542372881356
553,1573602028,2019-11-12T18:40:28.658453,98,138,0.4152542372881356
554,1573601958,2019-11-12T18:39:18.563837,98,138,0.4152542372881356
555,1573601955,2019-11-12T18:39:15.934218,98,138,0.4152542372881356
556,1573601905,2019-11-12T18:38:25.703629,99,137,0.4194915254237288
557,1573601902,2019-11-12T18:38:22.826986,99,137,0.4194915254237288
558,1573601891,2019-11-12T18:38:11.765947,100,136,0.423728813559322
559,1573601889,2019-11-12T18:38:09.423035,100,136,0.423728813559322
560,1573601823,2019-11-12T18:37:03.689230,101,135,0.4279661016949153
561,1573601821,2019-11-12T18:37:01.243688,101,135,0.4279661016949153
562,1573601811,2019-11-12T18:36:51.004236,101,135,0.4279661016949153
563,1573601807,2019-11-12T18:36:47.860064,101,135,0.4279661016949153
564,1573601798,2019-11-12T18:36:38.089517,102,134,0.4322033898305085
565,1573601795,2019-11-12T18:36:35.079718,102,134,0.4322033898305085
566,1573601786,2019-11-12T18:36:26.113204,103,133,0.4364406779661017
567,1573601783,2019-11-12T18:36:23.517073,103,133,0.4364406779661017
568,1573601769,2019-11-12T18:36:09.030584,104,132,0.4406779661016949
569,1573601766,2019-11-12T18:36:06.429179,104,132,0.4406779661016949
570,1573601757,2019-11-12T18:35:57.940285,105,131,0.4449152542372881
571,1573601755,2019-11-12T18:35:55.396453,105,131,0.4449152542372881
572,1573601733,2019-11-12T18:35:33.775326,106,130,0.4491525423728814
573,1573601730,2019-11-12T18:35:30.786870,106,130,0.4491525423728814
574,1573601720,2019-11-12T18:35:20.502804,107,129,0.4533898305084746
575,1573601717,2019-11-12T18:35:17.754120,107,129,0.4533898305084746
576,1573601703,2019-11-12T18:35:03.341490,108,128,0.4576271186440678
577,1573601700,2019-11-12T18:35:00.325809,108,128,0.4576271186440678
578,1573601688,2019-11-12T18:34:48.569066,109,127,0.461864406779661
579,1573601687,2019-11-12T18:34:47.406817,109,127,0.461864406779661
580,1573601674,2019-11-12T18:34:34.541975,110,126,0.4661016949152542
581,1573601671,2019-11-12T18:34:31.823647,110,126,0.4661016949152542
582,1573601646,2019-11-12T18:34:06.921873,110,126,0.4661016949152542
583,1573601643,2019-11-12T18:34:03.677586,110,126,0.4661016949152542
584,1573601632,2019-11-12T18:33:52.840236,111,125,0.4703389830508475
585,1573601630,2019-11-12T18:33:50.263091,111,125,0.4703389830508475
586,1573601547,2019-11-12T18:32:27.055327,112,124,0.4745762711864407
587,1573601542,2019-11-12T18:32:22.665824,112,124,0.4745762711864407
588,1573601513,2019-11-12T18:31:53.267835,113,123,0.4788135593220339
589,1573601510,2019-11-12T18:31:50.323201,113,123,0.4788135593220339
590,1573601430,2019-11-12T18:30:30.037183,114,122,0.4830508474576271
591,1573601428,2019-11-12T18:30:28.877079,114,122,0.4830508474576271
592,1573601412,2019-11-12T18:30:12.796386,115,121,0.4872881355932203
593,1573601410,2019-11-12T18:30:10.018695,115,121,0.4872881355932203
594,1573601299,2019-11-12T18:28:19.678901,115,121,0.4872881355932203
595,1573601298,2019-11-12T18:28:18.545025,115,121,0.4872881355932203
596,1573601273,2019-11-12T18:27:53.976600,116,120,0.4915254237288136
597,1573601271,2019-11-12T18:27:51.360459,116,120,0.4915254237288136
598,1573601226,2019-11-12T18:27:06.592330,117,119,0.4957627118644068
599,1573601223,2019-11-12T18:27:03.913187,117,119,0.4957627118644068
600,1573601214,2019-11-12T18:26:54.219196,118,118,0.5
601,1573601211,2019-11-12T18:26:51.399824,118,118,0.5
602,1573601182,2019-11-12T18:26:22.059066,119,117,0.5042372881355932
603,1573601180,2019-11-12T18:26:20.232553,119,117,0.5042372881355932
604,1573601018,2019-11-12T18:23:38.882596,119,117,0.5042372881355932
605,1573601016,2019-11-12T18:23:36.330879,119,117,0.5042372881355932
606,1573600971,2019-11-12T18:22:51.961760,120,116,0.5084745762711864
607,1573600969,2019-11-12T18:22:49.423341,120,116,0.5084745762711864
608,1573600945,2019-11-12T18:22:25.663453,121,115,0.5127118644067796
609,1573600932,2019-11-12T18:22:12.219983,121,115,0.5127118644067796
610,1573600775,2019-11-12T18:19:35.512954,121,115,0.5127118644067796
611,1573600772,2019-11-12T18:19:32.616887,121,115,0.5127118644067796
612,1573600754,2019-11-12T18:19:14.810592,122,114,0.5169491525423728
613,1573600752,2019-11-12T18:19:12.068269,122,114,0.5169491525423728
614,1573600694,2019-11-12T18:18:14.591152,123,113,0.5211864406779662
615,1573600691,2019-11-12T18:18:11.594538,123,113,0.5211864406779662
616,1573600682,2019-11-12T18:18:02.058313,124,112,0.5254237288135594
617,1573600679,2019-11-12T18:17:59.169121,124,112,0.5254237288135594
618,1573600670,2019-11-12T18:17:50.227981,125,111,0.5296610169491526
619,1573600667,2019-11-12T18:17:47.754172,125,111,0.5296610169491526
620,1573600657,2019-11-12T18:17:37.869365,126,110,0.5338983050847458
621,1573600654,2019-11-12T18:17:34.783759,126,110,0.5338983050847458
622,1573600643,2019-11-12T18:17:23.573392,127,109,0.538135593220339
623,1573600640,2019-11-12T18:17:20.937006,127,109,0.538135593220339
624,1573600384,2019-11-12T18:13:04.780573,127,109,0.538135593220339
625,1573600382,2019-11-12T18:13:02.099546,127,109,0.538135593220339
626,1573600358,2019-11-12T18:12:38.536289,128,108,0.5423728813559322
627,1573600355,2019-11-12T18:12:35.829331,128,108,0.5423728813559322
628,1573600312,2019-11-12T18:11:52.260224,129,107,0.5466101694915254
629,1573600309,2019-11-12T18:11:49.784579,129,107,0.5466101694915254
630,1573600299,2019-11-12T18:11:39.840619,130,106,0.5508474576271186
631,1573600297,2019-11-12T18:11:37.563037,130,106,0.5508474576271186
632,1573600246,2019-11-12T18:10:46.616682,131,105,0.5550847457627118
633,1573600244,2019-11-12T18:10:44.356118,131,105,0.5550847457627118
634,1573600232,2019-11-12T18:10:32.511905,132,104,0.559322033898305
635,1573600229,2019-11-12T18:10:29.933475,132,104,0.559322033898305
636,1573600217,2019-11-12T18:10:17.216032,133,103,0.5635593220338984
637,1573600214,2019-11-12T18:10:14.394616,133,103,0.5635593220338984
638,1573600199,2019-11-12T18:09:59.390348,134,102,0.5677966101694916
639,1573600196,2019-11-12T18:09:56.860487,134,102,0.5677966101694916
640,1573600145,2019-11-12T18:09:05.295313,135,101,0.5720338983050848
641,1573600142,2019-11-12T18:09:02.684006,135,101,0.5720338983050848
642,1573600079,2019-11-12T18:07:59.107888,136,100,0.576271186440678
643,1573600056,2019-11-12T18:07:36.181323,136,100,0.576271186440678
644,1573600041,2019-11-12T18:07:21.357044,137,99,0.5805084745762712
645,1573600023,2019-11-12T18:07:03.775910,137,99,0.5805084745762712
646,1573600006,2019-11-12T18:06:46.278372,138,98,0.5847457627118644
647,1573600003,2019-11-12T18:06:43.326424,138,98,0.5847457627118644
648,1573599814,2019-11-12T18:03:34.223795,139,97,0.5889830508474576
649,1573599811,2019-11-12T18:03:31.075656,139,97,0.5889830508474576
650,1573599765,2019-11-12T18:02:45.302308,140,96,0.5932203389830508
651,1573599761,2019-11-12T18:02:41.227233,140,96,0.5932203389830508
652,1573599727,2019-11-12T18:02:07.197329,141,95,0.597457627118644
653,1573599724,2019-11-12T18:02:04.458210,141,95,0.597457627118644
654,1573599655,2019-11-12T18:00:55.799766,142,94,0.6016949152542372
655,1573599650,2019-11-12T18:00:50.301180,142,94,0.6016949152542372
656,1573599617,2019-11-12T18:00:17.334967,143,93,0.6059322033898306
657,1573599614,2019-11-12T18:00:14.787787,143,93,0.6059322033898306
658,1573599528,2019-11-12T17:58:48.894213,144,92,0.6101694915254238
659,1573599524,2019-11-12T17:58:44.710090,144,92,0.6101694915254238
660,1573599457,2019-11-12T17:57:37.873419,145,91,0.614406779661017
661,1573599454,2019-11-12T17:57:34.582967,145,91,0.614406779661017
662,1573599357,2019-11-12T17:55:57.095146,146,90,0.6186440677966102
663,1573599353,2019-11-12T17:55:53.979968,146,90,0.6186440677966102
664,1573599241,2019-11-12T17:54:01.033928,147,89,0.6228813559322034
665,1573599238,2019-11-12T17:53:58.164685,147,89,0.6228813559322034
666,1573599136,2019-11-12T17:52:16.992164,148,88,0.6271186440677966
667,1573599134,2019-11-12T17:52:14.140357,148,88,0.6271186440677966
668,1573598962,2019-11-12T17:49:22.848174,149,87,0.6313559322033898
669,1573598960,2019-11-12T17:49:20.170426,149,87,0.6313559322033898
670,1573598725,2019-11-12T17:45:25.672332,150,86,0.635593220338983
671,1573598722,2019-11-12T17:45:22.646457,150,86,0.635593220338983
672,1573598535,2019-11-12T17:42:15.849444,151,85,0.6398305084745762
673,1573589637,2019-11-12T15:13:57.718207,152,85,0.6413502109704642
674,1573589635,2019-11-12T15:13:55.490702,152,85,0.6413502109704642
675,1573589620,2019-11-12T15:13:40.752958,153,84,0.6455696202531646
676,1573589618,2019-11-12T15:13:38.481958,153,84,0.6455696202531646
677,1573589605,2019-11-12T15:13:25.914386,154,83,0.6497890295358649
678,1573589603,2019-11-12T15:13:23.100442,154,83,0.6497890295358649
679,1573589578,2019-11-12T15:12:58.063391,154,83,0.6497890295358649
680,1573589575,2019-11-12T15:12:55.188253,154,83,0.6497890295358649
681,1573589558,2019-11-12T15:12:38.927999,154,83,0.6497890295358649
682,1573589556,2019-11-12T15:12:36.571129,154,83,0.6497890295358649
683,1573589546,2019-11-12T15:12:26.939545,155,82,0.6540084388185654
684,1573589541,2019-11-12T15:12:21.998900,155,82,0.6540084388185654
685,1573589527,2019-11-12T15:12:07.507635,156,81,0.6582278481012658
686,1573589524,2019-11-12T15:12:04.512708,156,81,0.6582278481012658
687,1573589486,2019-11-12T15:11:26.020592,157,80,0.6624472573839663
688,1573589483,2019-11-12T15:11:23.660529,157,80,0.6624472573839663
689,1573589460,2019-11-12T15:11:00.538197,157,80,0.6624472573839663
690,1573589457,2019-11-12T15:10:57.863769,157,80,0.6624472573839663
691,1573589450,2019-11-12T15:10:50.669186,158,79,0.6666666666666666
692,1573589448,2019-11-12T15:10:48.277857,158,79,0.6666666666666666
693,1573589435,2019-11-12T15:10:35.389792,159,78,0.6708860759493671
694,1573589432,2019-11-12T15:10:32.862932,159,78,0.6708860759493671
695,1573589424,2019-11-12T15:10:24.505155,160,77,0.6751054852320675
696,1573589421,2019-11-12T15:10:21.983636,160,77,0.6751054852320675
697,1573589407,2019-11-12T15:10:07.167855,161,76,0.679324894514768
698,1573589404,2019-11-12T15:10:04.712016,161,76,0.679324894514768
699,1573589396,2019-11-12T15:09:56.725516,162,75,0.6835443037974683
700,1573589393,2019-11-12T15:09:53.285864,162,75,0.6835443037974683
701,1573589377,2019-11-12T15:09:37.757650,163,74,0.6877637130801688
702,1573589374,2019-11-12T15:09:34.807863,163,74,0.6877637130801688
703,1573589365,2019-11-12T15:09:25.352201,164,73,0.6919831223628692
704,1573589362,2019-11-12T15:09:22.585077,164,73,0.6919831223628692
705,1573589345,2019-11-12T15:09:05.386214,164,73,0.6919831223628692
706,1573589342,2019-11-12T15:09:02.735196,164,73,0.6919831223628692
707,1573589331,2019-11-12T15:08:51.911246,165,72,0.6962025316455697
708,1573589329,2019-11-12T15:08:49.155612,165,72,0.6962025316455697
709,1573589298,2019-11-12T15:08:18.137998,165,72,0.6962025316455697
710,1573589294,2019-11-12T15:08:14.789208,165,72,0.6962025316455697
711,1573589287,2019-11-12T15:08:07.469638,166,71,0.70042194092827
712,1573589285,2019-11-12T15:08:05.095370,166,71,0.70042194092827
713,1573589269,2019-11-12T15:07:49.517736,167,70,0.7046413502109705
714,1573589266,2019-11-12T15:07:46.806083,167,70,0.7046413502109705
715,1573589236,2019-11-12T15:07:16.557646,167,70,0.7046413502109705
716,1573589234,2019-11-12T15:07:14.219411,167,70,0.7046413502109705
717,1573589217,2019-11-12T15:06:57.926138,168,69,0.7088607594936709
718,1573589215,2019-11-12T15:06:55.045293,168,69,0.7088607594936709
719,1573589192,2019-11-12T15:06:32.142901,169,68,0.7130801687763713
720,1573589189,2019-11-12T15:06:29.886817,169,68,0.7130801687763713
721,1573589172,2019-11-12T15:06:12.747643,170,67,0.7172995780590717
722,1573589168,2019-11-12T15:06:08.849486,170,67,0.7172995780590717
723,1573559492,2019-11-12T06:51:32.981188,171,66,0.7215189873417721
724,1573559489,2019-11-12T06:51:29.703182,171,66,0.7215189873417721
725,1573559476,2019-11-12T06:51:16.979008,172,65,0.7257383966244726
726,1573559473,2019-11-12T06:51:13.861378,172,65,0.7257383966244726
727,1573559463,2019-11-12T06:51:03.739931,173,64,0.729957805907173
728,1573559461,2019-11-12T06:51:01.151981,173,64,0.729957805907173
729,1573559441,2019-11-12T06:50:41.331254,173,64,0.729957805907173
730,1573559438,2019-11-12T06:50:38.333586,173,64,0.729957805907173
731,1573559422,2019-11-12T06:50:22.947200,174,63,0.7341772151898734
732,1573559420,2019-11-12T06:50:20.339003,174,63,0.7341772151898734
733,1573559405,2019-11-12T06:50:05.292375,174,63,0.7341772151898734
734,1573559402,2019-11-12T06:50:02.647615,174,63,0.7341772151898734
735,1573559383,2019-11-12T06:49:43.734812,175,62,0.7383966244725738
736,1573559381,2019-11-12T06:49:41.075665,175,62,0.7383966244725738
737,1573559362,2019-11-12T06:49:22.299638,176,61,0.7426160337552743
738,1573559359,2019-11-12T06:49:19.883772,176,61,0.7426160337552743
739,1573559349,2019-11-12T06:49:09.563018,176,61,0.7426160337552743
740,1573559346,2019-11-12T06:49:06.839996,176,61,0.7426160337552743
741,1573559335,2019-11-12T06:48:55.595966,175,61,0.7415254237288136
742,1573559331,2019-11-12T06:48:51.694633,175,61,0.7415254237288136
743,1573559321,2019-11-12T06:48:41.940671,175,60,0.7446808510638298
744,1573559319,2019-11-12T06:48:39.014899,175,60,0.7446808510638298
745,1573559292,2019-11-12T06:48:12.246239,176,59,0.7489361702127659
746,1573559289,2019-11-12T06:48:09.253699,176,59,0.7489361702127659
747,1573559279,2019-11-12T06:47:59.019928,177,58,0.7531914893617021
748,1573559276,2019-11-12T06:47:56.825295,177,58,0.7531914893617021
749,1573559242,2019-11-12T06:47:22.903956,178,57,0.7574468085106383
750,1573559240,2019-11-12T06:47:20.492229,178,57,0.7574468085106383
751,1573559230,2019-11-12T06:47:10.150873,179,56,0.7617021276595745
752,1573559227,2019-11-12T06:47:07.380831,179,56,0.7617021276595745
753,1573559209,2019-11-12T06:46:49.028180,180,55,0.7659574468085106
754,1573559206,2019-11-12T06:46:46.533289,180,55,0.7659574468085106
755,1573559195,2019-11-12T06:46:35.040740,181,54,0.7702127659574468
756,1573559191,2019-11-12T06:46:31.716087,181,54,0.7702127659574468
757,1573559169,2019-11-12T06:46:09.362682,181,54,0.7702127659574468
758,1573559166,2019-11-12T06:46:06.656829,181,54,0.7702127659574468
759,1573559157,2019-11-12T06:45:57.281233,182,53,0.774468085106383
760,1573559154,2019-11-12T06:45:54.420116,182,53,0.774468085106383
761,1573559136,2019-11-12T06:45:36.365470,183,52,0.7787234042553192
762,1573559133,2019-11-12T06:45:33.475806,183,52,0.7787234042553192
763,1573559122,2019-11-12T06:45:22.679908,184,51,0.7829787234042553
764,1573559119,2019-11-12T06:45:19.819945,184,51,0.7829787234042553
765,1573559099,2019-11-12T06:44:59.652452,185,50,0.7872340425531915
766,1573559097,2019-11-12T06:44:57.030578,185,50,0.7872340425531915
767,1573559081,2019-11-12T06:44:41.023175,185,50,0.7872340425531915
768,1573559078,2019-11-12T06:44:38.123948,185,50,0.7872340425531915
769,1573559070,2019-11-12T06:44:30.195098,186,49,0.7914893617021277
770,1573559067,2019-11-12T06:44:27.589312,186,49,0.7914893617021277
771,1573558970,2019-11-12T06:42:50.297623,186,49,0.7914893617021277
772,1573558967,2019-11-12T06:42:47.764844,186,49,0.7914893617021277
773,1573558956,2019-11-12T06:42:36.363814,186,49,0.7914893617021277
774,1573558952,2019-11-12T06:42:32.823138,186,49,0.7914893617021277
775,1573558898,2019-11-12T06:41:38.285084,187,48,0.7957446808510639
776,1573558895,2019-11-12T06:41:35.826938,187,48,0.7957446808510639
777,1573558888,2019-11-12T06:41:28.247917,188,47,0.8
778,1573558885,2019-11-12T06:41:25.905638,188,47,0.8
779,1573558878,2019-11-12T06:41:18.125680,189,46,0.8042553191489362
780,1573558875,2019-11-12T06:41:15.890565,189,46,0.8042553191489362
781,1573558865,2019-11-12T06:41:05.906135,190,45,0.8085106382978723
782,1573558863,2019-11-12T06:41:03.693311,190,45,0.8085106382978723
783,1573558825,2019-11-12T06:40:25.732426,191,44,0.8127659574468085
784,1573558823,2019-11-12T06:40:23.415988,191,44,0.8127659574468085
785,1573558815,2019-11-12T06:40:15.327835,192,43,0.8170212765957446
786,1573558812,2019-11-12T06:40:12.701878,192,43,0.8170212765957446
787,1573558805,2019-11-12T06:40:05.104851,193,42,0.8212765957446808
788,1573558802,2019-11-12T06:40:02.577667,193,42,0.8212765957446808
789,1573558795,2019-11-12T06:39:55.357189,194,41,0.825531914893617
790,1573558793,2019-11-12T06:39:53.459444,194,41,0.825531914893617
791,1573558785,2019-11-12T06:39:45.766386,195,40,0.8297872340425532
792,1573558782,2019-11-12T06:39:42.849799,195,40,0.8297872340425532
793,1573558774,2019-11-12T06:39:34.524655,196,39,0.8340425531914893
794,1573558771,2019-11-12T06:39:31.992695,196,39,0.8340425531914893
795,1573558763,2019-11-12T06:39:23.161987,197,38,0.8382978723404255
796,1573558760,2019-11-12T06:39:20.826975,197,38,0.8382978723404255
797,1573558745,2019-11-12T06:39:05.596052,198,37,0.8425531914893617
798,1573558743,2019-11-12T06:39:03.093037,198,37,0.8425531914893617
799,1573558734,2019-11-12T06:38:54.510098,198,37,0.8425531914893617
800,1573558731,2019-11-12T06:38:51.697341,198,37,0.8425531914893617
801,1573558709,2019-11-12T06:38:29.424538,199,36,0.8468085106382979
802,1573558706,2019-11-12T06:38:26.739690,199,36,0.8468085106382979
803,1573558597,2019-11-12T06:36:37.872892,200,35,0.851063829787234
804,1573558595,2019-11-12T06:36:35.243166,200,35,0.851063829787234
805,1573558551,2019-11-12T06:35:51.865012,201,34,0.8553191489361702
806,1573558549,2019-11-12T06:35:49.377369,201,34,0.8553191489361702
807,1573558541,2019-11-12T06:35:41.057922,202,33,0.8595744680851064
808,1573558538,2019-11-12T06:35:38.569561,202,33,0.8595744680851064
809,1573558520,2019-11-12T06:35:20.585556,203,32,0.8638297872340426
810,1573558518,2019-11-12T06:35:18.142347,203,32,0.8638297872340426
811,1573558505,2019-11-12T06:35:05.087540,204,31,0.8680851063829788
812,1573558501,2019-11-12T06:35:01.939753,204,31,0.8680851063829788
813,1573558440,2019-11-12T06:34:00.137026,205,30,0.8723404255319149
814,1573558437,2019-11-12T06:33:57.925500,205,30,0.8723404255319149
815,1573558411,2019-11-12T06:33:31.860307,205,30,0.8723404255319149
816,1573558408,2019-11-12T06:33:28.992865,205,30,0.8723404255319149
817,1573558385,2019-11-12T06:33:05.964848,206,29,0.8765957446808511
818,1573558383,2019-11-12T06:33:03.320056,206,29,0.8765957446808511
819,1573558362,2019-11-12T06:32:42.341578,207,28,0.8808510638297873
820,1573558358,2019-11-12T06:32:38.957953,207,28,0.8808510638297873
821,1573558254,2019-11-12T06:30:54.731139,208,27,0.8851063829787233
822,1573524239,2019-11-11T21:03:59.273613,209,27,0.885593220338983
823,1573524237,2019-11-11T21:03:57.312012,209,27,0.885593220338983
824,1573522590,2019-11-11T20:36:30.608197,210,26,0.8898305084745762
825,1573522588,2019-11-11T20:36:28.489095,210,26,0.8898305084745762
826,1573522581,2019-11-11T20:36:21.000037,211,25,0.8940677966101694
827,1573522578,2019-11-11T20:36:18.616237,211,25,0.8940677966101694
828,1573522571,2019-11-11T20:36:11.446652,212,24,0.8983050847457628
829,1573522569,2019-11-11T20:36:09.082273,212,24,0.8983050847457628
830,1573522555,2019-11-11T20:35:55.621957,212,24,0.8983050847457628
831,1573522553,2019-11-11T20:35:53.528991,212,24,0.8983050847457628
832,1573522545,2019-11-11T20:35:45.736951,213,23,0.902542372881356
833,1573522543,2019-11-11T20:35:43.540484,213,23,0.902542372881356
834,1573522535,2019-11-11T20:35:35.758323,214,22,0.9067796610169492
835,1573522533,2019-11-11T20:35:33.496866,214,22,0.9067796610169492
836,1573522448,2019-11-11T20:34:08.086149,215,21,0.9110169491525424
837,1573522446,2019-11-11T20:34:06.133755,215,21,0.9110169491525424
838,1573522437,2019-11-11T20:33:57.741475,215,21,0.9110169491525424
839,1573522435,2019-11-11T20:33:55.692696,215,21,0.9110169491525424
840,1573522420,2019-11-11T20:33:40.668926,216,20,0.9152542372881356
841,1573522418,2019-11-11T20:33:38.520814,216,20,0.9152542372881356
842,1573522354,2019-11-11T20:32:34.416708,217,19,0.9194915254237288
843,1573522351,2019-11-11T20:32:31.503639,217,19,0.9194915254237288
844,1573522161,2019-11-11T20:29:21.792118,217,19,0.9194915254237288
845,1573522159,2019-11-11T20:29:19.451843,217,19,0.9194915254237288
846,1573521983,2019-11-11T20:26:23.217447,218,18,0.923728813559322
847,1573521981,2019-11-11T20:26:21.056293,218,18,0.923728813559322
848,1573521974,2019-11-11T20:26:14.329557,219,17,0.9279661016949152
849,1573521972,2019-11-11T20:26:12.003544,219,17,0.9279661016949152
850,1573521963,2019-11-11T20:26:03.052407,220,16,0.9322033898305084
851,1573521960,2019-11-11T20:26:00.785225,220,16,0.9322033898305084
852,1573521953,2019-11-11T20:25:53.079456,221,15,0.9364406779661016
853,1573521950,2019-11-11T20:25:50.878963,221,15,0.9364406779661016
854,1573521937,2019-11-11T20:25:37.374707,221,15,0.9364406779661016
855,1573521935,2019-11-11T20:25:35.354746,221,15,0.9364406779661016
856,1573521927,2019-11-11T20:25:27.671627,222,14,0.940677966101695
857,1573521925,2019-11-11T20:25:25.397663,222,14,0.940677966101695
858,1573521916,2019-11-11T20:25:16.823971,223,13,0.9449152542372882
859,1573521914,2019-11-11T20:25:14.513624,223,13,0.9449152542372882
860,1573521864,2019-11-11T20:24:24.468618,223,13,0.9449152542372882
861,1573521862,2019-11-11T20:24:22.315038,223,13,0.9449152542372882
862,1573521815,2019-11-11T20:23:35.260950,224,12,0.9491525423728814
863,1573521813,2019-11-11T20:23:33.000377,224,12,0.9491525423728814
864,1573521803,2019-11-11T20:23:23.958976,225,11,0.9533898305084746
865,1573521801,2019-11-11T20:23:21.523666,225,11,0.9533898305084746
866,1573521790,2019-11-11T20:23:10.372239,226,10,0.9576271186440678
867,1573521788,2019-11-11T20:23:08.312230,226,10,0.9576271186440678
868,1573521687,2019-11-11T20:21:27.556192,227,9,0.961864406779661
869,1573521685,2019-11-11T20:21:25.530338,227,9,0.961864406779661
870,1573521677,2019-11-11T20:21:17.890543,227,9,0.961864406779661
871,1573521674,2019-11-11T20:21:14.974335,227,9,0.961864406779661
872,1573521619,2019-11-11T20:20:19.605223,228,8,0.9661016949152542
873,1573521617,2019-11-11T20:20:17.432415,228,8,0.9661016949152542
874,1573521609,2019-11-11T20:20:09.927883,229,7,0.9703389830508474
875,1573521607,2019-11-11T20:20:07.647009,229,7,0.9703389830508474
876,1573521597,2019-11-11T20:19:57.467606,230,6,0.9745762711864406
877,1573521595,2019-11-11T20:19:55.418058,230,6,0.9745762711864406
878,1573521586,2019-11-11T20:19:46.969095,231,5,0.9788135593220338
879,1573521584,2019-11-11T20:19:44.797508,231,5,0.9788135593220338
880,1573521523,2019-11-11T20:18:43.637476,232,4,0.9830508474576272
881,1573521521,2019-11-11T20:18:41.141088,232,4,0.9830508474576272
882,1573521499,2019-11-11T20:18:19.931722,233,3,0.9872881355932204
883,1573521497,2019-11-11T20:18:17.619691,233,3,0.9872881355932204
884,1573521481,2019-11-11T20:18:01.951679,234,2,0.9915254237288136
885,1573521479,2019-11-11T20:17:59.685194,234,2,0.9915254237288136
886,1573521430,2019-11-11T20:17:10.733152,235,1,0.9957627118644068
887,1573521428,2019-11-11T20:17:08.757553,235,1,0.9957627118644068
888,1573521411,2019-11-11T20:16:51.151759,236,0,1.0
889,1573521408,2019-11-11T20:16:48.444302,236,0,1.0
890,1573521377,2019-11-11T20:16:17.207157,236,0,1.0
891,1573446648,2019-11-10T23:30:48.430349,237,0,1.0
